Max Determinant,recall
1,0.0
2,0.0
3,0.14288386010847204
4,0.14288386010847204
5,0.14288386010847204
6,0.14288386010847204
7,0.14288386010847204
