Max Determinant,precision
1,NaN
2,NaN
3,0.9986928104575163
4,0.9986928104575163
5,0.9986928104575163
6,0.9986928104575163
7,0.9986928104575163
