Threshold,f1_score
0.0,0.0
0.05,0.1270053475935829
0.1,0.1270053475935829
0.15,0.1606714628297362
0.2,0.1606714628297362
0.25,0.4524590163934426
0.3,0.4524590163934426
0.35,0.4524590163934426
0.4,0.4524590163934426
0.45,0.4524590163934426
0.5,0.4524590163934426
0.55,0.4524590163934426
0.6,0.4524590163934426
0.65,0.4524590163934426
0.7,0.4524590163934426
0.75,0.4524590163934426
0.8,0.4524590163934426
0.85,0.4524590163934426
0.9,0.4524590163934426
0.95,0.4524590163934426
1.0,0.4524590163934426
