Threshold,recall
0.0,0.0
0.05,0.4709252002580929
0.1,0.4709252002580929
0.15,0.4709252002580929
0.2,0.4709252002580929
0.25,0.4709252002580929
0.3,0.4709252002580929
0.35,0.4692269660770961
0.4,0.4692269660770961
0.45,0.4692269660770961
0.5,0.4692269660770961
0.55,0.05599516855846509
0.6,0.013781783269844219
0.65,0.010545386973892037
0.7,3.71643593793552E-4
0.75,0.0
0.8,0.0
0.85,0.0
0.9,0.0
0.95,0.0
1.0,0.0
