Threshold,f1_score
0.0,0.0
0.05,0.42005578704500846
0.1,0.4201101928374656
0.15,0.42006427915518824
0.2,0.4200968800936661
0.25,0.42005578704500846
0.3,0.4200654307524537
0.35,0.34991112287734955
0.4,0.349899142713061
0.45,0.3499275133942641
0.5,0.34988590950922177
0.55,0.09945920526687045
0.6,0.025408958874789788
0.65,0.019869072623300166
0.7,7.430110522894028E-4
0.75,0.0
0.8,0.0
0.85,0.0
0.9,0.0
0.95,0.0
1.0,0.0
