Threshold,recall
0.0,0.0
0.05,0.4543875699731737
0.1,0.45385725144656625
0.15,0.45383326611026653
0.2,0.45455815036077274
0.25,0.45425500566093335
0.3,0.453775647885358
0.35,0.5053309281827915
0.4,0.5055367895432515
0.45,0.5064342416105413
0.5,0.506073825996269
0.55,0.05599603567888999
0.6,0.013797268419585618
0.65,0.01059135039717564
0.7,3.71643593793552E-4
0.75,0.0
0.8,0.0
0.85,0.0
0.9,0.0
0.95,0.0
1.0,0.0
