Max Determinant,precision
1,NaN
2,0.25555555555555554
3,0.25555555555555554
4,0.25555555555555554
5,0.25555555555555554
6,0.25555555555555554
7,0.25555555555555554
