Max Determinant,f1_score
1,0.0
2,0.09871244635193133
3,0.09871244635193133
4,0.09871244635193133
5,0.09871244635193133
6,0.09871244635193133
7,0.09871244635193133
