Max Determinant,recall
1,0.0
2,0.061170212765957445
3,0.061170212765957445
4,0.061170212765957445
5,0.061170212765957445
6,0.061170212765957445
7,0.061170212765957445
