Max Determinant,f1_score
1,0.37935615541607304
2,0.3797560952133445
3,0.37870414941754116
4,0.0013308367249036692
5,0.001207112679325874
6,0.001207112679325874
7,0.001207112679325874
