Max Determinant,recall
1,0.31267148914941384
2,0.31267148914941384
3,0.31267148914941384
4,6.65861438880114E-4
5,6.03920839914522E-4
6,6.03920839914522E-4
7,6.03920839914522E-4
