Max Determinant,recall
1,0.30436864707881484
2,0.30465468248085004
3,0.3038514421665714
4,6.65861438880114E-4
5,6.03920839914522E-4
6,6.03920839914522E-4
7,6.03920839914522E-4
