Max Determinant,precision
1,0.5245318547965269
2,0.5245318547965269
3,0.5245318547965269
4,1.0
5,1.0
6,1.0
7,1.0
