Max Determinant,precision
1,0.50337233662051
2,0.5039983648859252
3,0.5024909940982601
4,1.0
5,1.0
6,1.0
7,1.0
