Max Determinant,f1_score
1,0.3917952725141629
2,0.3917952725141629
3,0.3917952725141629
4,0.0013308367249036692
5,0.001207112679325874
6,0.001207112679325874
7,0.001207112679325874
