Max Determinant,f1_score
1,0.0
2,0.0
3,0.24971363115693013
4,0.24971363115693013
5,0.24971363115693013
6,0.24971363115693013
7,0.24971363115693013
