Max Determinant,recall
1,0.0
2,0.0
3,0.14269683934916777
4,0.14269683934916777
5,0.14269683934916777
6,0.14269683934916777
7,0.14269683934916777
