Max Determinant,precision
1,NaN
2,NaN
3,0.9986910994764397
4,0.9986910994764397
5,0.9986910994764397
6,0.9986910994764397
7,0.9986910994764397
