Max Determinant,recall
1,0.3054098259474139
2,0.3051890941072999
3,0.3054647000740558
4,6.65861438880114E-4
5,6.03920839914522E-4
6,6.03920839914522E-4
7,6.03920839914522E-4
