Max Determinant,recall
1,0.21795946239562963
2,0.217947325128428
3,0.2179264317864349
4,6.65861438880114E-4
5,6.03920839914522E-4
6,6.03920839914522E-4
7,6.03920839914522E-4
