Max Determinant,precision
1,0.5041261270439611
2,0.5040391427333656
3,0.5039067470922094
4,1.0
5,1.0
6,1.0
7,1.0
