Max Determinant,f1_score
1,0.3308674551194459
2,0.33085169042290025
3,0.33082405607586735
4,0.0013308367249036692
5,0.001207112679325874
6,0.001207112679325874
7,0.001207112679325874
