Max Determinant,precision
1,0.6864796167758335
2,0.6864642909517524
3,0.6864336348081154
4,1.0
5,1.0
6,1.0
7,1.0
