Max Determinant,f1_score
1,0.3803785913327568
2,0.3801826045170591
3,0.3803586694458586
4,0.0013308367249036692
5,0.001207112679325874
6,0.001207112679325874
7,0.001207112679325874
