Threshold,f1_score
0.0,0.0
0.05,0.567016267326076
0.1,0.567016267326076
0.15,0.567016267326076
0.2,0.567016267326076
0.25,0.567016267326076
0.3,0.567016267326076
0.35,0.6027040868585476
0.4,0.6027040868585476
0.45,0.6027040868585476
0.5,0.6027040868585476
0.55,0.10590595574560312
0.6,0.02718844033053812
0.65,0.020870684503286902
0.7,0.0007430110522894028
0.75,0.0
0.8,0.0
0.85,0.0
0.9,0.0
0.95,0.0
1.0,0.0
